{"sell":false,"weightPortfolioPercent":0.463185835547237,"weightDiffQuantity":0.5206713472496665,"weightDiversity":0.22347883221761644,"patience":true}