{"sell":false,"weightPortfolioPercent":0.06169053319789464,"weightDiffQuantity":0.04898918306603417,"weightDiversity":0.9342930197106698,"patience":true}